<?xml version="1.0" encoding="UTF-8"?>
<spirit:component xmlns:xilinx="http://www.xilinx.com" xmlns:spirit="http://www.spiritconsortium.org/XMLSchema/SPIRIT/1685-2009" xmlns:xsi="http://www.w3.org/2001/XMLSchema-instance">
  <spirit:vendor>xilinx.com</spirit:vendor>
  <spirit:library>user</spirit:library>
  <spirit:name>hex_keypad_driver</spirit:name>
  <spirit:version>1.0</spirit:version>
  <spirit:model>
    <spirit:views>
      <spirit:view>
        <spirit:name>xilinx_anylanguagesynthesis</spirit:name>
        <spirit:displayName>Synthesis</spirit:displayName>
        <spirit:envIdentifier>:vivado.xilinx.com:synthesis</spirit:envIdentifier>
        <spirit:language>VHDL</spirit:language>
        <spirit:modelName>hex_keypad_driver</spirit:modelName>
        <spirit:fileSetRef>
          <spirit:localName>xilinx_anylanguagesynthesis_view_fileset</spirit:localName>
        </spirit:fileSetRef>
        <spirit:parameters>
          <spirit:parameter>
            <spirit:name>viewChecksum</spirit:name>
            <spirit:value>a95d8522</spirit:value>
          </spirit:parameter>
        </spirit:parameters>
      </spirit:view>
      <spirit:view>
        <spirit:name>xilinx_anylanguagebehavioralsimulation</spirit:name>
        <spirit:displayName>Simulation</spirit:displayName>
        <spirit:envIdentifier>:vivado.xilinx.com:simulation</spirit:envIdentifier>
        <spirit:language>VHDL</spirit:language>
        <spirit:modelName>hex_keypad_driver</spirit:modelName>
        <spirit:fileSetRef>
          <spirit:localName>xilinx_anylanguagebehavioralsimulation_view_fileset</spirit:localName>
        </spirit:fileSetRef>
        <spirit:parameters>
          <spirit:parameter>
            <spirit:name>viewChecksum</spirit:name>
            <spirit:value>a95d8522</spirit:value>
          </spirit:parameter>
        </spirit:parameters>
      </spirit:view>
      <spirit:view>
        <spirit:name>xilinx_xpgui</spirit:name>
        <spirit:displayName>UI Layout</spirit:displayName>
        <spirit:envIdentifier>:vivado.xilinx.com:xgui.ui</spirit:envIdentifier>
        <spirit:fileSetRef>
          <spirit:localName>xilinx_xpgui_view_fileset</spirit:localName>
        </spirit:fileSetRef>
        <spirit:parameters>
          <spirit:parameter>
            <spirit:name>viewChecksum</spirit:name>
            <spirit:value>f64a5dae</spirit:value>
          </spirit:parameter>
        </spirit:parameters>
      </spirit:view>
    </spirit:views>
    <spirit:ports>
      <spirit:port>
        <spirit:name>I_CLK_125MHZ</spirit:name>
        <spirit:wire>
          <spirit:direction>in</spirit:direction>
          <spirit:wireTypeDefs>
            <spirit:wireTypeDef>
              <spirit:typeName>std_logic</spirit:typeName>
              <spirit:viewNameRef>xilinx_anylanguagesynthesis</spirit:viewNameRef>
              <spirit:viewNameRef>xilinx_anylanguagebehavioralsimulation</spirit:viewNameRef>
            </spirit:wireTypeDef>
          </spirit:wireTypeDefs>
        </spirit:wire>
      </spirit:port>
      <spirit:port>
        <spirit:name>I_KEYPAD_ROWS</spirit:name>
        <spirit:wire>
          <spirit:direction>in</spirit:direction>
          <spirit:vector>
            <spirit:left spirit:format="long">3</spirit:left>
            <spirit:right spirit:format="long">0</spirit:right>
          </spirit:vector>
          <spirit:wireTypeDefs>
            <spirit:wireTypeDef>
              <spirit:typeName>std_logic_vector</spirit:typeName>
              <spirit:viewNameRef>xilinx_anylanguagesynthesis</spirit:viewNameRef>
              <spirit:viewNameRef>xilinx_anylanguagebehavioralsimulation</spirit:viewNameRef>
            </spirit:wireTypeDef>
          </spirit:wireTypeDefs>
        </spirit:wire>
      </spirit:port>
      <spirit:port>
        <spirit:name>O_KEYPAD_COLS</spirit:name>
        <spirit:wire>
          <spirit:direction>out</spirit:direction>
          <spirit:vector>
            <spirit:left spirit:format="long">3</spirit:left>
            <spirit:right spirit:format="long">0</spirit:right>
          </spirit:vector>
          <spirit:wireTypeDefs>
            <spirit:wireTypeDef>
              <spirit:typeName>std_logic_vector</spirit:typeName>
              <spirit:viewNameRef>xilinx_anylanguagesynthesis</spirit:viewNameRef>
              <spirit:viewNameRef>xilinx_anylanguagebehavioralsimulation</spirit:viewNameRef>
            </spirit:wireTypeDef>
          </spirit:wireTypeDefs>
        </spirit:wire>
      </spirit:port>
      <spirit:port>
        <spirit:name>O_KEYPAD_BINARY</spirit:name>
        <spirit:wire>
          <spirit:direction>out</spirit:direction>
          <spirit:vector>
            <spirit:left spirit:format="long">3</spirit:left>
            <spirit:right spirit:format="long">0</spirit:right>
          </spirit:vector>
          <spirit:wireTypeDefs>
            <spirit:wireTypeDef>
              <spirit:typeName>std_logic_vector</spirit:typeName>
              <spirit:viewNameRef>xilinx_anylanguagesynthesis</spirit:viewNameRef>
              <spirit:viewNameRef>xilinx_anylanguagebehavioralsimulation</spirit:viewNameRef>
            </spirit:wireTypeDef>
          </spirit:wireTypeDefs>
        </spirit:wire>
      </spirit:port>
    </spirit:ports>
  </spirit:model>
  <spirit:fileSets>
    <spirit:fileSet>
      <spirit:name>xilinx_anylanguagesynthesis_view_fileset</spirit:name>
      <spirit:file>
        <spirit:name>src/hex_keypad_driver.vhd</spirit:name>
        <spirit:fileType>vhdlSource</spirit:fileType>
        <spirit:userFileType>CHECKSUM_a95d8522</spirit:userFileType>
        <spirit:userFileType>IMPORTED_FILE</spirit:userFileType>
      </spirit:file>
    </spirit:fileSet>
    <spirit:fileSet>
      <spirit:name>xilinx_anylanguagebehavioralsimulation_view_fileset</spirit:name>
      <spirit:file>
        <spirit:name>src/hex_keypad_driver.vhd</spirit:name>
        <spirit:fileType>vhdlSource</spirit:fileType>
        <spirit:userFileType>IMPORTED_FILE</spirit:userFileType>
      </spirit:file>
    </spirit:fileSet>
    <spirit:fileSet>
      <spirit:name>xilinx_xpgui_view_fileset</spirit:name>
      <spirit:file>
        <spirit:name>xgui/hex_keypad_driver_v1_0.tcl</spirit:name>
        <spirit:fileType>tclSource</spirit:fileType>
        <spirit:userFileType>CHECKSUM_f64a5dae</spirit:userFileType>
        <spirit:userFileType>XGUI_VERSION_2</spirit:userFileType>
      </spirit:file>
    </spirit:fileSet>
  </spirit:fileSets>
  <spirit:description>hex_keypad_driver_v1_0</spirit:description>
  <spirit:parameters>
    <spirit:parameter>
      <spirit:name>Component_Name</spirit:name>
      <spirit:value spirit:resolve="user" spirit:id="PARAM_VALUE.Component_Name" spirit:order="1">hex_keypad_driver_v1_0</spirit:value>
    </spirit:parameter>
  </spirit:parameters>
  <spirit:vendorExtensions>
    <xilinx:coreExtensions>
      <xilinx:supportedFamilies>
        <xilinx:family xilinx:lifeCycle="Production">virtex7</xilinx:family>
        <xilinx:family xilinx:lifeCycle="Production">qvirtex7</xilinx:family>
        <xilinx:family xilinx:lifeCycle="Production">kintex7</xilinx:family>
        <xilinx:family xilinx:lifeCycle="Production">kintex7l</xilinx:family>
        <xilinx:family xilinx:lifeCycle="Production">qkintex7</xilinx:family>
        <xilinx:family xilinx:lifeCycle="Production">qkintex7l</xilinx:family>
        <xilinx:family xilinx:lifeCycle="Production">akintex7</xilinx:family>
        <xilinx:family xilinx:lifeCycle="Production">artix7</xilinx:family>
        <xilinx:family xilinx:lifeCycle="Production">artix7l</xilinx:family>
        <xilinx:family xilinx:lifeCycle="Production">aartix7</xilinx:family>
        <xilinx:family xilinx:lifeCycle="Production">qartix7</xilinx:family>
        <xilinx:family xilinx:lifeCycle="Production">zynq</xilinx:family>
        <xilinx:family xilinx:lifeCycle="Production">qzynq</xilinx:family>
        <xilinx:family xilinx:lifeCycle="Production">azynq</xilinx:family>
        <xilinx:family xilinx:lifeCycle="Production">spartan7</xilinx:family>
        <xilinx:family xilinx:lifeCycle="Production">aspartan7</xilinx:family>
        <xilinx:family xilinx:lifeCycle="Production">zynquplus</xilinx:family>
      </xilinx:supportedFamilies>
      <xilinx:taxonomies>
        <xilinx:taxonomy>/UserIP</xilinx:taxonomy>
      </xilinx:taxonomies>
      <xilinx:displayName>hex_keypad_driver_v1_0</xilinx:displayName>
      <xilinx:definitionSource>package_project</xilinx:definitionSource>
      <xilinx:coreRevision>8</xilinx:coreRevision>
      <xilinx:coreCreationDateTime>2020-11-09T18:09:03Z</xilinx:coreCreationDateTime>
      <xilinx:tags>
        <xilinx:tag xilinx:name="ui.data.coregen.dd@60b21d8b_ARCHIVE_LOCATION">c:/Users/Chris Lloyd/Documents/ip_repo/hex_keypad_driver_ip</xilinx:tag>
        <xilinx:tag xilinx:name="ui.data.coregen.dd@7b23ecf0_ARCHIVE_LOCATION">c:/Users/Chris Lloyd/Documents/ip_repo/hex_keypad_driver_ip</xilinx:tag>
        <xilinx:tag xilinx:name="ui.data.coregen.dd@36e3756_ARCHIVE_LOCATION">c:/Users/Chris Lloyd/Documents/ip_repo/hex_keypad_driver_ip</xilinx:tag>
        <xilinx:tag xilinx:name="ui.data.coregen.dd@2bb7af96_ARCHIVE_LOCATION">c:/Users/Chris Lloyd/Documents/ip_repo/hex_keypad_driver_ip</xilinx:tag>
        <xilinx:tag xilinx:name="ui.data.coregen.dd@4ff4ca79_ARCHIVE_LOCATION">c:/Users/Chris Lloyd/Documents/ip_repo/hex_keypad_driver_ip</xilinx:tag>
        <xilinx:tag xilinx:name="ui.data.coregen.dd@1a5c648a_ARCHIVE_LOCATION">c:/Users/Chris Lloyd/Documents/ip_repo/hex_keypad_driver_ip</xilinx:tag>
        <xilinx:tag xilinx:name="ui.data.coregen.dd@3c3106e_ARCHIVE_LOCATION">c:/Users/Chris Lloyd/Documents/ip_repo/hex_keypad_driver_ip</xilinx:tag>
        <xilinx:tag xilinx:name="ui.data.coregen.dd@d29de10_ARCHIVE_LOCATION">c:/Users/Chris Lloyd/Documents/ip_repo/hex_keypad_driver_ip</xilinx:tag>
        <xilinx:tag xilinx:name="ui.data.coregen.dd@32a8ad3d_ARCHIVE_LOCATION">c:/Users/Chris Lloyd/Documents/ip_repo/hex_keypad_driver_ip</xilinx:tag>
        <xilinx:tag xilinx:name="ui.data.coregen.dd@5651c193_ARCHIVE_LOCATION">c:/Users/Chris Lloyd/Documents/ip_repo/hex_keypad_driver_ip</xilinx:tag>
        <xilinx:tag xilinx:name="ui.data.coregen.dd@30736b1a_ARCHIVE_LOCATION">c:/Users/Chris Lloyd/Documents/ip_repo/hex_keypad_driver_ip</xilinx:tag>
        <xilinx:tag xilinx:name="ui.data.coregen.dd@6326b7b_ARCHIVE_LOCATION">c:/Users/Chris Lloyd/Documents/ip_repo/hex_keypad_driver_ip</xilinx:tag>
        <xilinx:tag xilinx:name="ui.data.coregen.dd@4ecdab9d_ARCHIVE_LOCATION">c:/Users/Chris Lloyd/Documents/ip_repo/hex_keypad_driver_ip</xilinx:tag>
        <xilinx:tag xilinx:name="ui.data.coregen.dd@1e0b3e71_ARCHIVE_LOCATION">c:/Users/Chris Lloyd/Documents/ip_repo/hex_keypad_driver_ip</xilinx:tag>
        <xilinx:tag xilinx:name="ui.data.coregen.dd@3e8342fc_ARCHIVE_LOCATION">c:/Users/Chris Lloyd/Documents/ip_repo/hex_keypad_driver_ip</xilinx:tag>
        <xilinx:tag xilinx:name="ui.data.coregen.dd@647dc5bc_ARCHIVE_LOCATION">c:/Users/Chris Lloyd/Documents/ip_repo/hex_keypad_driver_ip</xilinx:tag>
        <xilinx:tag xilinx:name="ui.data.coregen.dd@bf58bc9_ARCHIVE_LOCATION">c:/Users/Chris Lloyd/Documents/ip_repo/hex_keypad_driver_ip</xilinx:tag>
        <xilinx:tag xilinx:name="ui.data.coregen.dd@17645e5e_ARCHIVE_LOCATION">c:/Users/Chris Lloyd/Documents/ip_repo/hex_keypad_driver_ip</xilinx:tag>
        <xilinx:tag xilinx:name="ui.data.coregen.dd@39b5fded_ARCHIVE_LOCATION">c:/Users/Chris Lloyd/Documents/ip_repo/hex_keypad_driver_ip</xilinx:tag>
        <xilinx:tag xilinx:name="ui.data.coregen.dd@13bde2da_ARCHIVE_LOCATION">c:/Users/Chris Lloyd/Documents/ip_repo/hex_keypad_driver_ip</xilinx:tag>
        <xilinx:tag xilinx:name="ui.data.coregen.dd@2066522f_ARCHIVE_LOCATION">c:/Users/Chris Lloyd/Documents/ip_repo/hex_keypad_driver_ip</xilinx:tag>
        <xilinx:tag xilinx:name="ui.data.coregen.dd@40363866_ARCHIVE_LOCATION">c:/Users/Chris Lloyd/Documents/ip_repo/hex_keypad_driver_ip</xilinx:tag>
        <xilinx:tag xilinx:name="ui.data.coregen.dd@44c6fda7_ARCHIVE_LOCATION">c:/Users/Chris Lloyd/Documents/ip_repo/hex_keypad_driver_ip</xilinx:tag>
        <xilinx:tag xilinx:name="ui.data.coregen.dd@5e920f4d_ARCHIVE_LOCATION">c:/Users/Chris Lloyd/Documents/ip_repo/hex_keypad_driver_ip</xilinx:tag>
        <xilinx:tag xilinx:name="ui.data.coregen.dd@18821ed7_ARCHIVE_LOCATION">c:/Users/Chris Lloyd/Documents/ip_repo/hex_keypad_driver_ip</xilinx:tag>
        <xilinx:tag xilinx:name="ui.data.coregen.dd@7568a226_ARCHIVE_LOCATION">c:/Users/Chris Lloyd/Documents/ip_repo/hex_keypad_driver_ip</xilinx:tag>
        <xilinx:tag xilinx:name="ui.data.coregen.dd@1ee6dc29_ARCHIVE_LOCATION">c:/Users/Chris Lloyd/Documents/ip_repo/hex_keypad_driver_ip</xilinx:tag>
        <xilinx:tag xilinx:name="ui.data.coregen.dd@5c0e0339_ARCHIVE_LOCATION">c:/Users/Chris Lloyd/Documents/ip_repo/hex_keypad_driver_ip</xilinx:tag>
        <xilinx:tag xilinx:name="ui.data.coregen.dd@471dd8e9_ARCHIVE_LOCATION">c:/Users/Chris Lloyd/Documents/ip_repo/hex_keypad_driver_ip</xilinx:tag>
        <xilinx:tag xilinx:name="ui.data.coregen.dd@49af00f1_ARCHIVE_LOCATION">c:/Users/Chris Lloyd/Documents/ip_repo/hex_keypad_driver_ip</xilinx:tag>
        <xilinx:tag xilinx:name="ui.data.coregen.dd@33d76f6b_ARCHIVE_LOCATION">c:/Users/Chris Lloyd/Documents/ip_repo/hex_keypad_driver_ip</xilinx:tag>
        <xilinx:tag xilinx:name="ui.data.coregen.dd@1404eb2a_ARCHIVE_LOCATION">c:/Users/Chris Lloyd/Documents/ip_repo/hex_keypad_driver_ip</xilinx:tag>
        <xilinx:tag xilinx:name="ui.data.coregen.dd@5578bfa6_ARCHIVE_LOCATION">c:/Users/Chris Lloyd/Documents/ip_repo/hex_keypad_driver_ip</xilinx:tag>
        <xilinx:tag xilinx:name="ui.data.coregen.dd@3835b7d0_ARCHIVE_LOCATION">c:/Users/Chris Lloyd/Documents/ip_repo/hex_keypad_driver_ip</xilinx:tag>
        <xilinx:tag xilinx:name="ui.data.coregen.dd@3e427874_ARCHIVE_LOCATION">c:/Users/Chris Lloyd/Documents/ip_repo/hex_keypad_driver_ip</xilinx:tag>
        <xilinx:tag xilinx:name="ui.data.coregen.dd@266bbe74_ARCHIVE_LOCATION">c:/Users/Chris Lloyd/Documents/ip_repo/hex_keypad_driver_ip</xilinx:tag>
        <xilinx:tag xilinx:name="ui.data.coregen.dd@24203d13_ARCHIVE_LOCATION">c:/Users/Chris Lloyd/Documents/ip_repo/hex_keypad_driver_ip</xilinx:tag>
        <xilinx:tag xilinx:name="ui.data.coregen.dd@d578514_ARCHIVE_LOCATION">c:/Users/Chris Lloyd/Documents/ip_repo/hex_keypad_driver_ip</xilinx:tag>
        <xilinx:tag xilinx:name="ui.data.coregen.dd@40ce3831_ARCHIVE_LOCATION">c:/Users/Chris Lloyd/Documents/ip_repo/hex_keypad_driver_ip</xilinx:tag>
        <xilinx:tag xilinx:name="ui.data.coregen.dd@5ed645ea_ARCHIVE_LOCATION">c:/Users/Chris Lloyd/Documents/ip_repo/hex_keypad_driver_ip</xilinx:tag>
        <xilinx:tag xilinx:name="ui.data.coregen.dd@208d6329_ARCHIVE_LOCATION">c:/Users/Chris Lloyd/Documents/ip_repo/hex_keypad_driver_ip</xilinx:tag>
        <xilinx:tag xilinx:name="ui.data.coregen.dd@6689a54d_ARCHIVE_LOCATION">c:/Users/Chris Lloyd/Documents/ip_repo/hex_keypad_driver_ip</xilinx:tag>
        <xilinx:tag xilinx:name="ui.data.coregen.dd@6e04ac1f_ARCHIVE_LOCATION">c:/Users/Chris Lloyd/Documents/ip_repo/hex_keypad_driver_ip</xilinx:tag>
        <xilinx:tag xilinx:name="ui.data.coregen.dd@82a6ab2_ARCHIVE_LOCATION">c:/Users/Chris Lloyd/Documents/ip_repo/hex_keypad_driver_ip</xilinx:tag>
        <xilinx:tag xilinx:name="ui.data.coregen.dd@70aa62ad_ARCHIVE_LOCATION">c:/Users/Chris Lloyd/Documents/ip_repo/hex_keypad_driver_ip</xilinx:tag>
        <xilinx:tag xilinx:name="ui.data.coregen.dd@63a95fd1_ARCHIVE_LOCATION">c:/Users/Chris Lloyd/Documents/ip_repo/hex_keypad_driver_ip</xilinx:tag>
        <xilinx:tag xilinx:name="ui.data.coregen.dd@56699f9e_ARCHIVE_LOCATION">c:/Users/Chris Lloyd/Documents/ip_repo/hex_keypad_driver_ip</xilinx:tag>
        <xilinx:tag xilinx:name="ui.data.coregen.dd@352ee348_ARCHIVE_LOCATION">c:/Users/Chris Lloyd/Documents/ip_repo/hex_keypad_driver_ip</xilinx:tag>
        <xilinx:tag xilinx:name="ui.data.coregen.dd@4b3937f9_ARCHIVE_LOCATION">c:/Users/Chris Lloyd/Documents/ip_repo/hex_keypad_driver_ip</xilinx:tag>
        <xilinx:tag xilinx:name="ui.data.coregen.dd@7f5c2774_ARCHIVE_LOCATION">c:/Users/Chris Lloyd/Documents/ip_repo/hex_keypad_driver_ip</xilinx:tag>
        <xilinx:tag xilinx:name="ui.data.coregen.dd@31bd7ac6_ARCHIVE_LOCATION">c:/Users/Chris Lloyd/Documents/ip_repo/hex_keypad_driver_ip</xilinx:tag>
        <xilinx:tag xilinx:name="ui.data.coregen.dd@31fb9921_ARCHIVE_LOCATION">c:/Users/Chris Lloyd/Documents/ip_repo/hex_keypad_driver_ip</xilinx:tag>
        <xilinx:tag xilinx:name="ui.data.coregen.dd@4e1a2be7_ARCHIVE_LOCATION">c:/Users/Chris Lloyd/Documents/ip_repo/hex_keypad_driver_ip</xilinx:tag>
      </xilinx:tags>
    </xilinx:coreExtensions>
    <xilinx:packagingInfo>
      <xilinx:xilinxVersion>2019.1</xilinx:xilinxVersion>
      <xilinx:checksum xilinx:scope="fileGroups" xilinx:value="be3c7b51"/>
      <xilinx:checksum xilinx:scope="ports" xilinx:value="b191782d"/>
      <xilinx:checksum xilinx:scope="parameters" xilinx:value="3c2e86ef"/>
    </xilinx:packagingInfo>
  </spirit:vendorExtensions>
</spirit:component>
